{
    "g": [
        {
            "circle": [
                {
                    "cx": "85",
                    "cy": "75",
                    "r": "50"
                },
                {
                    "cx": "215",
                    "cy": "75",
                    "r": "50"
                }
            ],
            "fill": "#40F99B"
        }
    ],
    "height": "800",
    "viewBox": "0 0 1024 1024",
    "width": "800",
    "xmlns": "http://www.w3.org/2000/svg"
}